id,name,url
1256,dytrumeysayaman,https://www.instagram.com/dytrumeysayaman/
1258,jpsantoro.mp4,https://www.instagram.com/jpsantoro.mp4/
1259,vaughngto,https://www.instagram.com/vaughngto/
1260,unearthly.ai,https://www.instagram.com/unearthly.ai/
1263,icc_garage_uae,https://www.instagram.com/icc_garage_uae/
1264,animals_sal,https://www.instagram.com/animals_sal/
1265,vaxolang,https://www.instagram.com/vaxolang/
1268,__cordonlar__timi__,https://www.instagram.com/__cordonlar__timi__/
1269,haykocepkin,https://www.instagram.com/haykocepkin/
1270,hikaye_soylebasliyor,https://www.instagram.com/hikaye_soylebasliyor/
1271,albin.jd,https://www.instagram.com/albin.jd/
1272,stuntgirl.dasha,https://www.instagram.com/stuntgirl.dasha/
1273,luziwei99,https://www.instagram.com/luziwei99/
1274,thelousypoledancer,https://www.instagram.com/thelousypoledancer/
1275,torktv,https://www.instagram.com/torktv/
1276,johnnywalker,https://www.instagram.com/johnnywalker/
1277,europeanathletics,https://www.instagram.com/europeanathletics/
1278,hironori_nakajima,https://www.instagram.com/hironori_nakajima/
1279,tarekoko_,https://www.instagram.com/tarekoko_/
1280,demondean92,https://www.instagram.com/demondean92/
1281,tibostunt,https://www.instagram.com/tibostunt/
1283,shahak,https://www.instagram.com/shahak/
1285,misfitmindss,https://www.instagram.com/misfitmindss/
1288,streethearts,https://www.instagram.com/streethearts/
1289,eptic,https://www.instagram.com/eptic/
1290,angasurunning,https://www.instagram.com/angasurunning/
1291,doguorcan,https://www.instagram.com/doguorcan/
1292,bakabakagames,https://www.instagram.com/bakabakagames/
1293,jarrydmcneil,https://www.instagram.com/jarrydmcneil/
1295,pahnl.what,https://www.instagram.com/pahnl.what/
